File Name,Label
17586321.jpg,0
17589551.jpg,0
17590416.jpg,0
17591106.jpg,0
17597841.jpg,0
17597883.jpg,0
17598023.jpg,0
17599100.jpg,1
17603232.jpg,0
17604783.jpg,0
17607592.jpg,0
17609872.jpg,1
17612242.jpg,0
17612282.jpg,1
17613407.jpg,0
17613992.jpg,0
17614287.jpg,0
17619674.jpg,0
17619843.jpg,0
17620482.jpg,0
17620756.jpg,0
17620887.jpg,0
17620888.jpg,0
17620897.jpg,0
17620901.jpg,0
17620906.jpg,0
17620908.jpg,0
17623123.jpg,0
17624018.jpg,2
17624645.jpg,1
17625789.jpg,0
17626507.jpg,0
17626702.jpg,0
17626820.jpg,0
17627278.jpg,2
17627922.jpg,1
17628322.jpg,0
17628475.jpg,0
17628595.jpg,0
17629270.jpg,0
17629720.jpg,0
17629788.jpg,0
17629994.jpg,2
17630088.jpg,0
17630337.jpg,2
17630353.jpg,0
17631468.jpg,0
17632863.jpg,0
17633563.jpg,0
17633904.jpg,1
17635156.jpg,0
17635338.jpg,0
17635414.jpg,0
17635915.jpg,0
17636047.jpg,1
17644377.jpg,1
17645248.jpg,0
17645487.jpg,0
17648458.jpg,1
17648729.jpg,1
17648738.jpg,1
17648855.jpg,0
17649023.jpg,0
17649027.jpg,0
17649697.jpg,0
17656610.jpg,0
17656667.jpg,0
17658125.jpg,0
17658741.jpg,0
17659741.jpg,2
17659880.jpg,0
17660370.jpg,0
17663453.jpg,1
17664457.jpg,0
17664656.jpg,1
17665280.jpg,1
17672169.jpg,2
17672537.jpg,0
17672576.jpg,0
17673144.jpg,0
17673233.jpg,0
17673722.jpg,2
17673742.jpg,0
17673828.jpg,0
17676508.jpg,0
17676719.jpg,0
17676861.jpg,0
17678597.jpg,0
17679665.jpg,0
17680408.jpg,1
17685457.jpg,0
17685881.jpg,1
17686620.jpg,2
17686798.jpg,0
17687960.jpg,0
17688969.jpg,0
17689180.jpg,2
17690662.jpg,0
17690709.jpg,0
17691094.jpg,1
17691551.jpg,1
17694747.jpg,0
17695734.jpg,0
17695816.jpg,0
17696572.jpg,0
17696621.jpg,0
17697180.jpg,0
17698559.jpg,1
17698937.jpg,2
17700198.jpg,1
17701830.jpg,2
17702828.jpg,1
17704468.jpg,2
17705997.jpg,2
17708203.jpg,2
17708254.jpg,2
17710870.jpg,1
17711377.jpg,1
17712115.jpg,2
17712391.jpg,1
17713079.jpg,1
17713234.jpg,1
17713343.jpg,1
17713826.jpg,2
17714554.jpg,1
17714740.jpg,2
17714875.jpg,3
17715234.jpg,1
17715354.jpg,1
17715763.jpg,1
17717633.jpg,1
17717721.jpg,2
17717865.jpg,2
17718059.jpg,1
17720125.jpg,2
17720201.jpg,2
17721451.jpg,1
17721883.jpg,2
17722743.jpg,1
17723298.jpg,2
17723356.jpg,2
17723802.jpg,1
17724321.jpg,1
17726599.jpg,1
17727697.jpg,2
17728009.jpg,1
17728316.jpg,1
17730401.jpg,2
17730468.jpg,2
17731957.jpg,2
17732293.jpg,1
17732373.jpg,2
17734069.jpg,1
17736324.jpg,2
17737041.jpg,1
17739961.jpg,2
17742330.jpg,1
17742743.jpg,3
17742810.jpg,3
17742840.jpg,3
17743353.jpg,1
17744056.jpg,1
17744412.jpg,1
17744506.jpg,2
17744778.jpg,1
17744813.jpg,2
17744844.jpg,2
17744871.jpg,3
17746047.jpg,1
17746617.jpg,2
17748353.jpg,2
17748590.jpg,2
17748792.jpg,2
17749715.jpg,2
17750027.jpg,1
17751954.jpg,2
17752045.jpg,1
17756463.jpg,1
17756884.jpg,2
17758103.jpg,1
17759321.jpg,1
17760302.jpg,1
17760437.jpg,2
17760998.jpg,2
17761819.jpg,1
17762308.jpg,2
17763022.jpg,1
17763444.jpg,2
17763509.jpg,2
17763746.jpg,2
17765549.jpg,2
17767197.jpg,2
17769282.jpg,1
17775376.jpg,2
17776632.jpg,2
17776830.jpg,2
17777185.jpg,3
17785053.jpg,1
17785841.jpg,1
17786228.jpg,2
17787864.jpg,1
17787949.jpg,2
17789857.jpg,2
17790242.jpg,1
17791469.jpg,2
17791744.jpg,1
17791755.jpg,1
17791902.jpg,2
17794966.jpg,3
17803189.jpg,2
17803446.jpg,1
17803839.jpg,1
17808234.jpg,2
17809300.jpg,1
17809308.jpg,2
17809515.jpg,3
17812773.jpg,2
17813603.jpg,2
17814075.jpg,2
17814078.jpg,2
17814354.jpg,2
17814548.jpg,2
17814563.jpg,2
17816333.jpg,2
17816439.jpg,2
17816581.jpg,2
17816964.jpg,1
17817274.jpg,2
17817556.jpg,1
17817575.jpg,2
17817892.jpg,2
17817920.jpg,2
17817999.jpg,2
17818224.jpg,2
17818913.jpg,1
17819225.jpg,1
17819332.jpg,1
17819475.jpg,2
17822969.jpg,1
17823295.jpg,2
17824454.jpg,2
17827155.jpg,3
17828447.jpg,1
17833620.jpg,1
17836072.jpg,1
17836572.jpg,1
17839660.jpg,1
17842044.jpg,3
17845815.jpg,1
17848676.jpg,1
17851669.jpg,3
17857944.jpg,3
17859732.jpg,3
17860379.jpg,3
17868920.jpg,3
17874518.jpg,3
17875404.jpg,3
17876110.jpg,3
17876141.jpg,3
17876160.jpg,3
17890334.jpg,3
17890812.jpg,3
17891672.jpg,3
17897961.jpg,3
17903677.jpg,3
17904442.jpg,3
17918117.jpg,3
17918970.jpg,3
17923905.jpg,3
17926574.jpg,3
17936496.jpg,3
17937982.jpg,3
17942073.jpg,3
17942316.jpg,3
17945902.jpg,3
17946995.jpg,3
17947076.jpg,3
17947723.jpg,3
17956052.jpg,3
17958510.jpg,3
17959498.jpg,3
17967870.jpg,3
17970518.jpg,3
17976251.jpg,3
17979896.jpg,3
17982814.jpg,3
17986895.jpg,3
17992347.jpg,3
17993477.jpg,3
17993687.jpg,3
17994838.jpg,3
18002952.jpg,3
18003345.jpg,3
18007867.jpg,3
18012552.jpg,3
18018735.jpg,3
18019492.jpg,3
18019954.jpg,3
18021844.jpg,3
18023455.jpg,3
18023809.jpg,3
18024701.jpg,3
18025364.jpg,3
18026661.jpg,3
18029449.jpg,3
18030275.jpg,3
18031879.jpg,3
18032441.jpg,3
18032512.jpg,3
18035432.jpg,3
18035708.jpg,3
18037134.jpg,3
18037418.jpg,3
18038073.jpg,3
18038799.jpg,3
18038877.jpg,3
18040435.jpg,3
18041381.jpg,3
18042071.jpg,3
18043228.jpg,3
